model,disco_gender,disco_asian,disco_black,disco_hispanic,lpbs_mean,lpbs_std,SEAT_gender,SEAT_EAvsAA,SEAT_ABW,tan_SEAT_gender,tan_SEAT_EAvsAA,tan_SEAT_ABW,lau_SEAT_gender,lau_SEAT_EAvsAA,lau_SEAT_ABW,o_wi_bias_a_mean_desc,o_w_bias_a_mean_desc,r_wi_bias_a_mean_desc,r_w_bias_a_mean_desc,p_wi_bias_a_mean_desc,p_w_bias_a_mean_desc,o_wi_bias_a_median_desc,o_w_bias_a_median_desc,r_wi_bias_a_median_desc,r_w_bias_a_median_desc,p_wi_bias_a_median_desc,p_w_bias_a_median_desc,o_wi_bias_b_mean_desc,o_w_bias_b_mean_desc,r_wi_bias_b_mean_desc,r_w_bias_b_mean_desc,p_wi_bias_b_mean_desc,p_w_bias_b_mean_desc,o_wi_bias_b_median_desc,o_w_bias_b_median_desc,r_wi_bias_b_median_desc,r_w_bias_b_median_desc,p_wi_bias_b_median_desc,p_w_bias_b_median_desc,o_wi_bias_h_mean_desc,o_w_bias_h_mean_desc,r_wi_bias_h_mean_desc,r_w_bias_h_mean_desc,p_wi_bias_h_mean_desc,p_w_bias_h_mean_desc,o_wi_bias_h_median_desc,o_w_bias_h_median_desc,r_wi_bias_h_median_desc,r_w_bias_h_median_desc,p_wi_bias_h_median_desc,p_w_bias_h_median_desc,o_wi_bias_f_mean_desc,o_w_bias_f_mean_desc,r_wi_bias_f_mean_desc,r_w_bias_f_mean_desc,p_wi_bias_f_mean_desc,p_w_bias_f_mean_desc,o_wi_bias_f_median_desc,o_w_bias_f_median_desc,r_wi_bias_f_median_desc,r_w_bias_f_median_desc,p_wi_bias_f_median_desc,p_w_bias_f_median_desc,o_wi_bias_fb_mean_desc,o_w_bias_fb_mean_desc,r_wi_bias_fb_mean_desc,r_w_bias_fb_mean_desc,p_wi_bias_fb_mean_desc,p_w_bias_fb_mean_desc,o_wi_bias_fb_median_desc,o_w_bias_fb_median_desc,r_wi_bias_fb_median_desc,r_w_bias_fb_median_desc,p_wi_bias_fb_median_desc,p_w_bias_fb_median_desc,o_wi_bias_a_mean_norm,o_w_bias_a_mean_norm,r_wi_bias_a_mean_norm,r_w_bias_a_mean_norm,p_wi_bias_a_mean_norm,p_w_bias_a_mean_norm,o_wi_bias_a_median_norm,o_w_bias_a_median_norm,r_wi_bias_a_median_norm,r_w_bias_a_median_norm,p_wi_bias_a_median_norm,p_w_bias_a_median_norm,o_wi_bias_b_mean_norm,o_w_bias_b_mean_norm,r_wi_bias_b_mean_norm,r_w_bias_b_mean_norm,p_wi_bias_b_mean_norm,p_w_bias_b_mean_norm,o_wi_bias_b_median_norm,o_w_bias_b_median_norm,r_wi_bias_b_median_norm,r_w_bias_b_median_norm,p_wi_bias_b_median_norm,p_w_bias_b_median_norm,o_wi_bias_h_mean_norm,o_w_bias_h_mean_norm,r_wi_bias_h_mean_norm,r_w_bias_h_mean_norm,p_wi_bias_h_mean_norm,p_w_bias_h_mean_norm,o_wi_bias_h_median_norm,o_w_bias_h_median_norm,r_wi_bias_h_median_norm,r_w_bias_h_median_norm,p_wi_bias_h_median_norm,p_w_bias_h_median_norm,o_wi_bias_f_mean_norm,o_w_bias_f_mean_norm,r_wi_bias_f_mean_norm,r_w_bias_f_mean_norm,p_wi_bias_f_mean_norm,p_w_bias_f_mean_norm,o_wi_bias_f_median_norm,o_w_bias_f_median_norm,r_wi_bias_f_median_norm,r_w_bias_f_median_norm,p_wi_bias_f_median_norm,p_w_bias_f_median_norm,o_wi_bias_fb_mean_norm,o_w_bias_fb_mean_norm,r_wi_bias_fb_mean_norm,r_w_bias_fb_mean_norm,p_wi_bias_fb_mean_norm,p_w_bias_fb_mean_norm,o_wi_bias_fb_median_norm,o_w_bias_fb_median_norm,r_wi_bias_fb_median_norm,r_w_bias_fb_median_norm,p_wi_bias_fb_median_norm,p_w_bias_fb_median_norm
BERT-base,0.726708075,0.669254658,0.75310559,0.677795031,1.155729863,0.718078007,1.169634236,0.060134432,0.120838262,0.857315308,0.136748408,0.1911830661893853,1.027618129,0.023940925,0.083441608,0.0524371054617094,0.0563269477455585,0.1958762206593794,0.1570731628025929,0.1662450230764995,0.05046488591291387,0.0450815604963273,0.0489714027801765,0.2032317656247615,0.164428707767975,0.1736005680418816,0.057820430878295914,0.2497946686885457,0.0178071782139843,0.1759177117438949,0.2639340265971832,0.3424459997430177,0.36098851689699807,0.2983929572276409,0.0307911103251108,0.2245160002829901,0.3125323151362784,0.3910442882821129,0.40958680543609327,0.0154068256761829,0.0405248689702242,0.0031236841904758,0.1724843278294373,0.2847486093275295,0.25810567841398036,0.026346386200879,0.029585308445528,0.0140632447151719,0.1615447673047412,0.2738090488028334,0.24716611788928422,0.1302926768374301,0.0438862187102517,0.0691601103520482,0.1432125311672686,0.100926514742203,0.11175962450808108,0.1815450807086203,0.0951386225814419,0.1204125142232384,0.1944649350384587,0.1521789186133931,0.1630120283792712,0.4518939515423055,0.0290019203384186,0.1965388771551808,0.3849492668330185,0.6885520250200079,0.6368694371191417,0.6856563079188356,0.2627642767149487,0.4303012335317109,0.6187116232095486,0.922314381396538,0.8706317934956718,0.7109054945198539,0.7070156522360047,0.9592188206409428,0.9204157627841564,0.9295876230580628,0.8138074858944772,0.7109054945198539,0.7070156522360047,0.9592188206409428,0.9204157627841564,0.9295876230580628,0.8138074858944772,0.9650596238943075,0.6974577769917775,0.8911826669496568,0.9791989818029452,1.0577109549487795,1.07625347210276,0.9650596238943075,0.6974577769917775,0.8911826669496568,0.9791989818029452,1.0577109549487795,1.07625347210276,0.7658866235078589,0.821818318154266,0.7781697649935659,0.9537777770134792,1.0660420585115713,1.039399127598022,0.7658866235078589,0.821818318154266,0.7781697649935659,0.9537777770134792,1.0660420585115713,1.039399127598022,0.9872170110985656,0.9008105529713872,0.9260844446131836,1.000136865428404,0.9578508490033384,0.9686839587692164,0.9872170110985656,0.9008105529713872,0.9260844446131836,1.000136865428404,0.9578508490033384,0.9686839587692164,1.37588187182861,0.9529898406247233,1.1205267974414854,1.3089371871193232,1.6125399453063125,1.5608573574054463,1.37588187182861,0.9529898406247233,1.1205267974414854,1.3089371871193232,1.6125399453063125,1.5608573574054463
RoBERTa,0.841614907,0.830745342,0.832298137,0.8051242236024845,-2.379648619,0.761387173,1.170105502,0.028639739,-0.168062816,0.946248108,-0.01157222,-0.125884245,0.952789483,0.05953606,0.1759116,0.0645331815622463,0.0206932471971681,0.160689199683212,0.0682003822500942,0.2659997423583304,0.11128401322959103,0.0718887265276283,0.0280487921625501,0.1680447446485941,0.0755559272154763,0.2733552873237125,0.11863955819497307,0.1579660168451114,0.0215046296584309,0.0704875326902571,0.3917441965541536,0.6747916650973084,0.3857655884411805,0.2065643053842066,0.0701029181975261,0.1190858212293523,0.4403424850932488,0.7233899536364036,0.4343638769802757,0.0736500320739151,0.0094886030767866,0.1397026740592662,0.0129693520493936,0.4193941893760207,0.12098402015968479,0.0845895925986113,0.0014509574479094,0.1287631135345701,0.0020297915246975,0.4084546288513245,0.11004445963498866,0.1783964911043128,0.0379282374541455,0.0331732819289641,0.2172156124913148,0.0322981195108158,0.18909172092124538,0.229648894975503,0.0891806413253356,0.0180791219422259,0.2684680163625049,0.0835505233820059,0.2403441247924355,0.1660919648406362,0.169413715369057,0.2153238450425894,0.5869314000390358,1.3945680826613145,0.2028709025680253,0.3998543212171663,0.064348641007473,0.4490862014191195,0.8206937564155659,1.6283304390378446,0.4366332589445554,0.8278757815438096,0.7840358471787314,0.9240317996647752,0.8315429822316576,1.0293423423398935,0.8746266132111543,0.8278757815438096,0.7840358471787314,0.9240317996647752,0.8315429822316576,1.0293423423398935,0.8746266132111543,0.8732309720508733,0.7367695848641928,0.7857524878960189,1.1070091517599154,1.3900566203030702,1.1010305436469423,0.8732309720508733,0.7367695848641928,0.7857524878960189,1.1070091517599154,1.3900566203030702,1.1010305436469423,0.7076434171101266,0.7907820522608284,0.920996123243308,0.7942628012334354,1.2006876385600624,0.9022774693437265,0.7076434171101266,0.7907820522608284,0.920996123243308,0.7942628012334354,1.2006876385600624,0.9022774693437265,1.0353208253654482,0.8948525717152809,0.8237510523321712,1.0741399467524502,0.8892224537719512,1.0460160551823807,1.0353208253654482,0.8948525717152809,0.8237510523321712,1.0741399467524502,0.8892224537719512,1.0460160551823807,1.0900798851269409,0.7545742049172476,1.139311765328894,1.5109193203253404,2.318556002947619,1.12685882285433,1.0900798851269409,0.7545742049172476,1.139311765328894,1.5109193203253404,2.318556002947619,1.12685882285433
XLM-RoBERTa,0.828416149,0.810559006,0.833850932,0.784161491,-0.076315781,0.574333494,-0.090153145,-0.184426487,-0.250940214,0.278425768,-0.03831195,0.095367667,0.037302445,0.041921932,0.25189247,0.0033474330643719,0.040820640450746,0.1965175019944002,0.0999454420004013,0.2316447668426662,0.11128401322959103,0.0040081119010101,0.0481761854161281,0.2038730469597822,0.1073009869657833,0.2390003118080482,0.11863955819497307,0.1055178612825759,0.3602836276382125,0.1698619845805293,0.0274282155753264,0.0823035000844735,0.3857655884411805,0.1541161498216711,0.4088819161773077,0.2184602731196245,0.0760265041144216,0.1309017886235687,0.4343638769802757,0.0398110970828442,0.0003214033082309,0.0864909044286136,0.0352636659060457,0.1058947272641644,0.12098402015968479,0.0507506576075403,0.011260963832927,0.0755513439039174,0.0243241053813496,0.0949551667394683,0.11004445963498866,0.1073372688511019,0.227062212787854,0.0830685616955705,0.0022368629691386,0.0253367014603239,0.18909172092124538,0.158589672722292,0.2783146166590441,0.1343209655667606,0.0490155409020515,0.076589105331514,0.2403441247924355,0.2100533498395385,0.482024963411888,0.0270536045153754,0.025618318515716,0.00339698925787,0.2028709025680253,0.4438157062160686,0.7157873197884181,0.2067087518611546,0.208144037860814,0.2371593456344001,0.4366332589445554,0.7599951669171914,0.8041632404323094,0.9598601019759636,0.8632880419819646,0.9949873668242296,0.8746266132111543,0.7599951669171914,0.8041632404323094,0.9598601019759636,0.8632880419819646,0.9949873668242296,0.8746266132111543,0.8207828164883377,1.0755485828439744,0.8851269397862912,0.7426931707810883,0.7975684552902353,1.1010305436469423,0.8207828164883377,1.0755485828439744,0.8851269397862912,0.7426931707810883,0.7975684552902353,1.1010305436469423,0.7414823521011975,0.7809720458758108,0.8677843536126554,0.8165571150900875,0.8871881764482062,0.9022774693437265,0.7414823521011975,0.7809720458758108,0.8677843536126554,0.8165571150900875,0.8871881764482062,0.9022774693437265,0.9642616031122372,1.0839865470489891,0.939992895956706,0.8546874712919967,0.8822610357214593,1.0460160551823807,0.9642616031122372,1.0839865470489891,0.939992895956706,0.8546874712919967,0.8822610357214593,1.0460160551823807,1.134041270125843,1.4060128836981929,0.8969343157709292,0.8983696017705886,0.9273849095441746,1.12685882285433,1.134041270125843,1.4060128836981929,0.8969343157709292,0.8983696017705886,0.9273849095441746,1.12685882285433
DistilBERT,0.732142857,0.733695652,0.778726708,0.695652174,-0.27357092,0.458611332,0.767081249,0.057059712,0.048726087,0.750018512,0.163377412,0.17791655,0.811487419,0.05318399,0.013479697,0.0420692587062817,0.0819072001458723,0.0556013711734849,0.0273687700238937,0.1630506368013735,0.11912192688717915,0.0347137137408997,0.0745516551804903,0.062956916138867,0.0200132250585116,0.1704061817667556,0.1264774718525612,0.2102981500827339,0.1591871458366226,0.4680348521602281,0.3782627679545286,0.033043536135594,0.42973448691789906,0.2588964386218291,0.2077854343757178,0.5166331406993233,0.4268610564936238,0.0816418246746892,0.47833277545699426,0.0412642899359739,0.0975150461777082,0.0218588060347999,0.0235529319147801,0.0983142513759719,0.19706272539552505,0.0303247294112778,0.0865754856530121,0.0109192455101038,0.012613371390084,0.0873746908512758,0.18612316487082892,0.0337294557121298,0.1549607525505657,0.0036744715055454,0.0835484815005334,0.0314461570167167,0.12256202656258863,0.0849818595833199,0.2062131564217558,0.0549268753767355,0.1348008853717235,0.0826985608879068,0.17381443043377875,0.3769764073304282,0.2525326077411149,1.068992928543394,0.6688078988845669,0.0682016269116232,0.7085827896461463,0.6107387637069583,0.486294964117645,1.3027552849199242,0.902570255261097,0.1655607294649068,0.9423451460226764,0.7212733412752815,0.6814353998356909,0.8189439711550482,0.7359738299576696,0.9263932367829368,0.8824645268687424,0.7212733412752815,0.6814353998356909,0.8189439711550482,0.7359738299576696,0.9263932367829368,0.8824645268687424,0.9255631052884956,0.8744521010423845,1.18329980736599,1.0935277231602905,0.7483084913413559,1.144999442123661,0.9255631052884956,0.8744521010423845,1.18329980736599,1.0935277231602905,0.7483084913413559,1.144999442123661,0.8225577391200157,0.87880849536175,0.8031522552188417,0.8048463810988219,0.8796077005600137,0.9783561745795668,0.8225577391200157,0.87880849536175,0.8031522552188417,0.8048463810988219,0.8796077005600137,0.9783561745795668,0.8906537899732652,1.011885086811701,0.8605988057666808,0.9404728157616687,0.8883704912778521,0.979486360823724,0.8906537899732652,1.011885086811701,0.8605988057666808,0.9404728157616687,0.8883704912778521,0.979486360823724,1.3009643276167329,1.1765205280274196,1.9929808488296987,1.5927958191708715,0.8557862933746814,1.632570709932451,1.3009643276167329,1.1765205280274196,1.9929808488296987,1.5927958191708715,0.8557862933746814,1.632570709932451
ALBERT,0.720496894,0.677795031,0.761645963,0.672360248,-7.282704046,0.670350183,0.51287529,-0.005271987,-0.004319464,1.017140837,0.011600533,0.000733197,0.928471707,-0.005436404,-0.002249057,0.0672382421808615,0.0570895281951028,0.0928898242538694,0.2514552768987288,0.2595572265081427,0.10670999174671358,0.0745937871462435,0.0644450731604848,0.1002453692192515,0.2588108218641108,0.2669127714735247,0.11406553671209563,0.0160560771576496,0.4061259500476765,0.1800330361129377,0.2803348836075021,0.1804362120193968,0.28038296709123856,0.0646543656967448,0.4547242385867717,0.2286313246520329,0.3289331721465973,0.229034500558492,0.32898125563033376,0.0043032634776771,0.0095018438188031,0.1040027939663172,0.3492538683594703,0.1209628315756504,0.349998430789491,0.0066362970470189,0.0204414043434992,0.0930632334416211,0.3383143078347742,0.1100232710509543,0.33905887026479486,0.0580167693211249,0.057558692018004,0.1161551442389956,0.0463622609850099,0.203457738449074,0.0951103471687268,0.1092691731923151,0.1088110958891941,0.1674075481101857,0.0048901428861801,0.2547101423202641,0.14636275103991692,0.1036484594326394,0.3752204321997978,0.184774365949766,0.314763200919419,0.1651709996449648,0.38047130057838285,0.1301138969438906,0.6089827885763279,0.4185367223262961,0.5485255572959491,0.3989333560214949,0.6142336569549129,0.8305808421624248,0.8204321281766661,0.8562324242354328,1.014797876880292,1.022899826489706,0.8700525917282769,0.8305808421624248,0.8204321281766661,0.8562324242354328,1.014797876880292,1.022899826489706,0.8700525917282769,0.7313210323634115,1.1213909052534383,0.8952979913186996,0.995599838813264,0.8957011672251587,0.9956479222970004,0.7313210323634115,1.1213909052534383,0.8952979913186996,0.995599838813264,0.8957011672251587,0.9956479222970004,0.7855967126617189,0.7717916053652386,0.885296243150359,1.130547317543512,0.9022562807596922,1.1312918799735328,0.7855967126617189,0.7717916053652386,0.885296243150359,1.130547317543512,0.9022562807596922,1.1312918799735328,0.9149411035822604,0.9144830262791394,0.973079478500131,0.8105620732761254,1.0603820727102091,0.9520346814298621,0.9149411035822604,0.9144830262791394,0.973079478500131,0.8105620732761254,1.0603820727102091,0.9520346814298621,0.8203394608536652,1.2992083524861024,1.1087622862360706,1.2387511212057236,1.0891589199312697,1.3044592208646875,0.8203394608536652,1.2992083524861024,1.1087622862360706,1.2387511212057236,1.0891589199312697,1.3044592208646875
SpanBERT,0.707298137,0.588509317,0.541149068,0.548136646,-0.311344608,0.291658363,0.732148515,0.053913946,0.016367773,0.491721876,0.062342562,0.007492536,0.929422816,0.027022601,0.030994777,0.1320355835805068,0.0339633537341971,0.2384708565376438,0.1459646539396506,0.157924019505468,0.2410834617255937,0.1393911285458888,0.026607808768815,0.2458264015030259,0.1533201989050326,0.1652795644708501,0.24843900669097574,0.3306075446827833,0.1855055259858224,0.053335621574906,0.2770569703424433,0.1909287103904677,0.35925790976481353,0.3792058332218785,0.2341038145249176,0.1019339101140012,0.3256552588815385,0.2395269989295629,0.40785619830390873,0.0131570699140466,0.0627144335312613,0.088611732878453,0.1534839542985199,0.1213580177704009,0.1573893503971776,0.0240966304387427,0.0517748730065652,0.0776721723537569,0.1425443937738237,0.1104184572457047,0.14644978987248147,0.124850927033033,0.0902569440035088,0.0881531955485135,0.1359631298271957,0.0419607218632008,0.040727845563708676,0.1761033309042231,0.1415093478746989,0.1394055994197036,0.1872155336983858,0.093213125734391,0.0919802494348988,0.7033409374399378,0.3535397057921876,0.1213574259103229,0.4250482032692029,0.1298521280385609,0.6795610999981601,0.9371032938164678,0.5873020621687177,0.355119782286853,0.658810559645733,0.363614484415091,0.9133234563746901,0.8953781835620701,0.7293792462473662,1.0018134565192072,0.909307253921214,0.9212666194870314,1.004426061707157,0.8953781835620701,0.7293792462473662,1.0018134565192072,0.909307253921214,0.9212666194870314,1.004426061707157,1.0458724998885451,0.9007704811915844,0.7686005767806678,0.9923219255482052,0.9061936655962296,1.0745228649705754,1.0458724998885451,0.9007704811915844,0.7686005767806678,0.9923219255482052,0.9061936655962296,1.0745228649705754,0.7681363792699951,0.8440078827153031,0.8699051820624948,0.9347774034825616,0.9026514669544426,0.9386827995812194,0.7681363792699951,0.8440078827153031,0.8699051820624948,0.9347774034825616,0.9026514669544426,0.9386827995812194,0.9817752612941684,0.9471812782646442,0.9450775298096488,0.9928874640883312,0.8988850561243362,0.897652179824844,0.9817752612941684,0.9471812782646442,0.9450775298096488,0.9928874640883312,0.8988850561243362,0.897652179824844,1.6273288577262424,1.2775276260784922,1.0453453461966276,1.3490361235555075,1.0538400483248656,1.6035490202844647,1.6273288577262424,1.2775276260784922,1.0453453461966276,1.3490361235555075,1.0538400483248656,1.6035490202844647
DeBERTa,0.786490683,0.860248447,0.696428571,0.760093168,3.107247289,0.496304572,0.247295451,0.044199242,-0.061515917,0.010683903,-0.016716435,0.017025974,0.128420278,-0.010196359,0.072220575,0.011879722997122,0.0576508623462661,0.1271863020101517,0.1181734262128259,0.1572021902227925,0.005989254351066786,0.0045241780317399,0.0502953173808841,0.1345418469755337,0.1255289711782079,0.1645577351881746,0.01334479931644883,0.3964807881756435,0.2605858150988751,0.0927785718244671,0.139045652262676,0.1042408888094476,0.1730842506160507,0.4450790767147387,0.3091841036379703,0.1413768603635623,0.1876439408017712,0.1528391773485428,0.2216825391551459,0.0042338955171361,0.0070780917331244,0.0404403462811835,0.0947277690388145,0.0219279489591859,0.2742063280875351,0.0067056650075599,0.0180176522578205,0.0295007857564874,0.0837882085141183,0.0109883884344897,0.26326676756283895,0.1191113968005974,0.1423464929025296,0.0798457102205549,0.0461259660966391,0.0636869306238678,0.12856193296502783,0.1703638006717875,0.1935988967737197,0.1310981140917451,0.0973783699678292,0.114939334495058,0.17981433683621795,0.8054938699687804,0.5423189027993172,0.0598787820050839,0.2347546238628806,0.2107603865861267,0.2945091856975104,1.0392562263453105,0.7760812591758472,0.1738835743714462,0.4685169802394107,0.4445227429626568,0.5282715420740405,0.7514628769844413,0.7056917376352971,0.890528901991715,0.8815160261943892,0.920544790204356,0.7693318543326301,0.7514628769844413,0.7056917376352971,0.890528901991715,0.8815160261943892,0.920544790204356,0.7693318543326301,1.1117457433814053,0.975850770304637,0.808043527030229,0.8543106074684379,0.8195058440152094,0.8883492058218125,1.1117457433814053,0.975850770304637,0.808043527030229,0.8543106074684379,0.8195058440152094,0.8883492058218125,0.7855273447011779,0.7742153574509173,0.8217337954652253,0.8760212182228563,0.8032213981432277,1.0554997772715768,0.7855273447011779,0.7742153574509173,0.8217337954652253,0.8760212182228563,0.8032213981432277,1.0554997772715768,0.9760357310617328,0.999270827163665,0.9367700444816904,0.9030503003577744,0.9206112648850032,0.9854862672261632,0.9760357310617328,0.999270827163665,0.9367700444816904,0.9030503003577744,0.9206112648850032,0.9854862672261632,1.729481790255085,1.4663068230856218,0.8641091382812207,1.1587425441491852,1.1347483068724311,1.218497105983815,1.729481790255085,1.4663068230856218,0.8641091382812207,1.1587425441491852,1.1347483068724311,1.218497105983815
ELECTRA,0.583850932,0.746118012,0.535714286,0.683229814,0.191102247,0.472958428,0.12670879,0.003098332,-0.049710624,0.35632263,-0.122175877,-0.159686003,0.931747394,0.035246142,0.096136258,0.0151658188368002,0.0438899237038786,0.184911592847485,0.1674649160252951,0.2413600829671183,0.3609691356893274,0.0225213638021822,0.0365343787384966,0.192267137812867,0.1748204609906771,0.2487156279325003,0.36832468065470947,0.1943642787407598,0.1114310320751109,1.1871824680036234,0.1196057924129477,0.4844810010104593,0.16628938599619358,0.242962567279855,0.0628327435360157,1.2357807565427188,0.1682040809520429,0.5330792895495545,0.2148876745352888,0.0137433682822906,0.0409276925170144,0.1287532800663164,0.1522631159411085,0.1495216982663069,0.24986830714749142,0.0246829288069867,0.0518672530417105,0.1178137195416203,0.1413235554164124,0.1385821377416107,0.23892874662279528,0.0495305276213369,0.1901392764572874,0.1819394676793874,0.0230713659352812,0.2147963769105166,0.17447483809223796,0.100782931492527,0.2413916803284775,0.2331918715505775,0.0743237698064713,0.2660487807817068,0.22572724196342808,0.1553411047941979,0.3799779325031581,0.0272372277477757,0.0638903371434858,0.2033251410146763,0.05069978765280958,0.389103461170728,0.146215576126628,0.2609995841243058,0.1698720192330443,0.4370874973912064,0.1830625687237205,0.7785084188183635,0.7194526762776846,0.9482541928290484,0.9308075160068584,1.0047026829486816,1.1243117356708907,0.7785084188183635,0.7194526762776846,0.9482541928290484,0.9308075160068584,1.0047026829486816,1.1243117356708907,0.9096292339465216,0.6038339231306509,1.902447423209385,0.8348707476187096,1.1997459562162212,0.8815543412019554,0.9096292339465216,0.6038339231306509,1.902447423209385,0.8348707476187096,1.1997459562162212,0.8815543412019554,0.7675500809017511,0.7403657566670273,0.9100467292503582,0.9335565651251504,0.9308151474503488,1.0311617563315332,0.7675500809017511,0.7403657566670273,0.9100467292503582,0.9335565651251504,0.9308151474503488,1.0311617563315332,0.9064548618824724,1.0470636107184228,1.0388638019405227,0.8799957001964166,1.071720711171652,1.0313991723533733,0.9064548618824724,1.0470636107184228,1.0388638019405227,0.8799957001964166,1.071720711171652,1.0313991723533733,1.0793290250805023,0.5440099877831465,0.9512251480340804,0.8600975831428188,1.127313061300981,0.873288132633495,1.0793290250805023,0.5440099877831465,0.9512251480340804,0.8600975831428188,1.127313061300981,0.873288132633495
BioBERT,0.819875776,0.805900621,0.811335404,0.788819876,1.754479244,0.498955967,-0.107476204,0.036437389,-0.13451759,0.718823472,0.050306318,-0.004910553,0.783676331,0.05834484,0.150586152,0.0166449832286434,0.0077257578284859,0.1792224940848915,0.1336179174024763,0.1235489496459144,0.1237492596018619,0.0240005281940255,0.0150813027938679,0.1865780390502736,0.1409734623678583,0.1309044946112965,0.13110480456724394,0.3946016579441586,0.0156462446775546,0.455347080605423,0.2711371239102977,0.0935146716296978,0.49025357720424345,0.4431999464832538,0.0329520438615406,0.5039453691445183,0.3197354124493929,0.142112960168793,0.5388518657433387,0.0125109898774244,0.0159389509968752,0.0162265710259474,0.0695517868392875,0.0402304249934231,0.07789417245202479,0.0234505504021206,0.0049993904721791,0.0052870105012513,0.0586122263145914,0.0292908644687269,0.06695461192732866,0.1342231006548289,0.1298977253118322,0.1733164905047753,0.0866684653608741,0.0360480459491775,0.11896548153650721,0.185475504526019,0.1811501291830223,0.2245688943759655,0.1379208692320642,0.0873004498203676,0.17021788540769733,0.7258731516481276,0.1641572402744533,0.8689918484977119,0.4409404613291465,0.1170852395270469,0.6851214317940937,0.9596355080246576,0.0696051161020767,1.102754204874242,0.6747028177056766,0.350847595903577,0.9188837881706238,0.7799875832102068,0.7710683578100492,0.9425650940664548,0.8969605173840396,0.8868915496274777,0.8870918595834252,0.7799875832102068,0.7710683578100492,0.9425650940664548,0.8969605173840396,0.8868915496274777,0.8870918595834252,1.1098666131499204,0.6996187105282072,1.170612035811185,0.9864020791160596,0.8087796268354597,1.2055185324100053,1.1098666131499204,0.6996187105282072,1.170612035811185,0.9864020791160596,0.8087796268354597,1.2055185324100053,0.7687824593066173,0.797232400180917,0.7975200202099892,0.8508452360233293,0.8215238741774649,0.8591876216360665,0.7687824593066173,0.797232400180917,0.7975200202099892,0.8508452360233293,0.8215238741774649,0.8591876216360665,0.9911474349159642,0.9868220595729676,1.0302408247659107,0.9435927996220096,0.8929723802103129,0.9758898157976426,0.9911474349159642,0.9868220595729676,1.0302408247659107,0.9435927996220096,0.8929723802103129,0.9758898157976426,1.6498610719344322,0.7598306800118513,1.7929797687840163,1.3649283816154512,1.0410731598133516,1.6091093520803983,1.6498610719344322,0.7598306800118513,1.7929797687840163,1.3649283816154512,1.0410731598133516,1.6091093520803983
SciBERT,0.663043478,0.651397516,0.663043478,0.635869565,-1.180932425,0.605824917,0.628203103,0.079603416,0.036044117,0.534148396,0.052933861,0.213494116,0.727769745,0.044118914,0.17661534,0.0130960428266061,0.0522261747274863,0.0513176035840301,0.0051211615440008,0.139362220102203,0.1200107531208221,0.0057404978612241,0.0448706297621043,0.0586731485494121,0.0022343834213811,0.146717765067585,0.12736629808620414,0.3309431982989904,0.0014233496568318,0.4633701658238106,0.0176949607670514,0.5745172170195069,0.19315538196016202,0.3795414868380856,0.050021638195927,0.5119684543629058,0.0662932493061466,0.6231155055586021,0.24175367049925722,0.0775946727444348,0.0085153639526948,0.1168033718895781,0.2567147711249853,0.5012325154751331,0.02343965853505159,0.088534233269131,0.0024241965720013,0.1058638113648819,0.2457752106002891,0.490292954950437,0.012500098010355454,0.0577707006942986,0.0595990766993984,0.097118375612175,0.0947167186297791,0.2313279510763651,0.06694172163091894,0.1090231045654888,0.1108514805705885,0.1483707794833652,0.1459691225009692,0.2825803549475553,0.11819412550210906,0.788986519563857,0.0160716566498723,0.7668106968667969,0.0032191617015795,0.9332179984824448,0.1656296079830586,1.022748875940387,0.2176906997266577,1.000573053243327,0.2305431946749505,1.166980354858975,0.3993919643595887,0.7502465571549571,0.7111164252540769,0.8146602035655934,0.7582214384375624,0.9027048200837664,0.8833533531023854,0.7502465571549571,0.7111164252540769,0.8146602035655934,0.7582214384375624,0.9027048200837664,0.8833533531023854,1.0462081535047525,0.7166883048625937,1.1786351210295725,0.7329599159728133,1.2897821722252687,0.9084203371659239,1.0462081535047525,0.7166883048625937,1.1786351210295725,0.7329599159728133,1.2897821722252687,0.9084203371659239,0.7036987764396069,0.7898088131367366,0.8980968210736199,1.038008220309027,1.282525964659175,0.8047331077190933,0.7036987764396069,0.7898088131367366,0.8980968210736199,1.038008220309027,1.282525964659175,0.8047331077190933,0.914695034955434,0.9165234109605338,0.9540427098733104,0.9516410528909144,1.0882522853375003,0.9238660558920543,0.914695034955434,0.9165234109605338,0.9540427098733104,0.9516410528909144,1.0882522853375003,0.9238660558920543,1.7129744398501616,0.9079162636364324,1.6907986171531015,0.9207687585847252,1.8572059187687493,1.0896175282693632,1.7129744398501616,0.9079162636364324,1.6907986171531015,0.9207687585847252,1.8572059187687493,1.0896175282693632
BlueBERT,0.64052795,0.619565217,0.647515528,0.576863354,-0.918470152,0.696152183,0.082386824,-0.043301404,0.003101684,0.468018393,0.055129269,0.082897198,0.734979574,-0.096211401,-0.041289112,0.0146345837184698,0.0709957794272416,0.3197032918846283,0.2665282852939472,0.0571007930240915,0.3621354859472301,0.0219901286838518,0.0783513243926237,0.3270588368500103,0.2738838302593293,0.0644563379894735,0.36949103091261215,0.3478799609362258,0.2506932023137685,0.0366632649724867,0.3971470434179577,0.1820256310353577,0.4171711764688705,0.396478249475321,0.2992914908528638,0.0119350235666084,0.4457453319570529,0.2306239195744529,0.4657694650079657,0.0862091171331164,0.0681511505605642,0.2301442461993996,0.0327178919981295,0.0724422036580125,0.20765932371244789,0.0752695566084202,0.0790907110852603,0.2192046856747035,0.0217783314734334,0.0615026431333164,0.19671976318775175,0.0695602540608272,0.1482042449057278,0.0608947174825897,0.0949610097934297,0.0317925938469667,0.021020944646324313,0.1208126579320173,0.1994566487769179,0.1121471213537799,0.1462134136646198,0.0830449977181568,0.07227334851751444,0.7021673664745671,0.4756057998591494,0.1678130994975949,0.6764789412976489,0.0145009459392939,0.8895053463168296,0.9359297228510972,0.7093681562356795,0.0659492568789351,0.9102412976741788,0.248263302315824,1.1232677026933597,0.7779771837000331,0.834338379408805,1.0830458918661916,1.0298708852755103,0.8204433930056548,1.1254780859287934,0.7779771837000331,0.834338379408805,1.0830458918661916,1.0298708852755103,0.8204433930056548,1.1254780859287934,1.0631449161419877,0.9659581575195304,0.6786016902332751,1.1124119986237195,0.8972905862411196,1.1324361316746323,1.0631449161419877,0.9659581575195304,0.6786016902332751,1.1124119986237195,0.8972905862411196,1.1324361316746323,0.8675025663171582,0.7131422986234776,1.0114376953834414,0.8140113411821713,0.8537356528420543,0.9889527728964896,0.8675025663171582,0.7131422986234776,1.0114376953834414,0.8140113411821713,0.8537356528420543,0.9889527728964896,0.9264845883219626,1.0051285791668632,0.9178190517437252,0.951885344054565,0.8887169281081021,0.8779452789074597,0.9264845883219626,1.0051285791668632,0.9178190517437252,0.951885344054565,0.8887169281081021,0.8779452789074597,1.6261552867608715,1.399593720145454,0.7561748207887097,1.6004668615839537,0.9384888662255986,1.8134932666031343,1.6261552867608715,1.399593720145454,0.7561748207887097,1.6004668615839537,0.9384888662255986,1.8134932666031343
PubMedBERT,0.811335404,0.812888199,0.822204969,0.793478261,-2.039149777,0.461179061,-0.019602651,-0.051291212,0.061259722,0.407561518,0.010933419,0.178176155,0.687193223,-0.06466569,0.067489896,0.0985763335803311,0.0275682936195076,0.0881119162087462,0.0310825831733125,0.0422547558478227,0.06451518325784322,0.091220788614949,0.0202127486541255,0.0954674611741283,0.0384381281386946,0.0496103008132048,0.07187072822322527,0.4220602934937246,0.2769547745865583,0.5817701085153363,0.1928715222900825,0.3786004492470783,0.507714668839884,0.4706585820328198,0.3255530631256536,0.6303683970544315,0.2414698108291777,0.4271987377861735,0.5563129573789792,0.0154635473033183,0.0526102309316024,0.126441678138558,0.079432199115749,0.0640528569605139,0.15008228147552982,0.0045239867786222,0.0635497914562985,0.1155021176138618,0.0684926385910529,0.0749924174852101,0.1391427209508337,0.1676599786891502,0.163461797971626,0.0508809208359103,0.1216199237805542,0.1426309572735618,0.1669191039853527,0.2189123825603404,0.2147142018428162,0.1021333247071004,0.1728723276517443,0.1938833611447519,0.21817150785654282,0.7304922090467652,0.3860949092519414,0.996882907030392,0.3501417627555028,0.619754034323335,0.7813695328045791,0.9642545654232952,0.6198572656284715,1.230645263406922,0.5839041191320329,0.8535163906998651,1.0151318891811092,0.6647662664012322,0.7357743063620557,0.8514545161903095,0.7944251831548759,0.8055973558293861,0.8278577832394065,0.6647662664012322,0.7357743063620557,0.8514545161903095,0.7944251831548759,0.8055973558293861,0.8278577832394065,1.1373252486994865,0.9922197297923202,1.297035063721098,0.9081364774958444,1.0938654044528402,1.2229796240456459,1.1373252486994865,0.9922197297923202,1.297035063721098,0.9081364774958444,1.0938654044528402,1.2229796240456459,0.7967569964873601,0.7286832182524393,0.9077351273225998,0.8607256482997908,0.7172405922235278,0.9313757306595716,0.7967569964873601,0.7286832182524393,0.9077351273225998,0.8607256482997908,0.7172405922235278,0.9313757306595716,1.0245843129502856,1.0203861322327614,0.9078052550970456,0.9785442580416897,0.9995552915346972,1.023843438246488,1.0245843129502856,1.0203861322327614,0.9078052550970456,0.9785442580416897,0.9995552915346972,1.023843438246488,1.6544801293330698,1.310082829538246,1.9208708273166968,1.2741296830418074,1.5437419546096396,1.7053574530908837,1.6544801293330698,1.310082829538246,1.9208708273166968,1.2741296830418074,1.5437419546096396,1.7053574530908837
BERT-XXXXX,0.691770186,0.659161491,0.684782609,0.630434783,1.165914395,1.438156822,0.469978547,-0.081726527,-0.172413527,0.593873775,0.074453879,0.230718975,0.742281008,-0.042253648,0.022282631,0.0972550722096147,0.0805375179773568,0.1548791773936346,0.1240609725832014,0.2236229199831019,0.359338475764007,0.1046106171749967,0.0878930629427389,0.1622347223590167,0.1314165175485835,0.2309784649484839,0.36669402072938906,0.0124371687286485,0.0167208227022334,0.1149985912438246,0.1617204525105622,0.4920233541302848,0.5897528977810976,0.0610354572677437,0.0653191112413286,0.1635968797829198,0.2103187410496574,0.5406216426693801,0.6383511863201928,0.0829927083398395,0.0975862973517091,0.1089553599696152,0.0492182685382744,0.3754962702391187,0.47597428698799016,0.0939322688645356,0.1085258578764052,0.0980157994449191,0.0382787080135783,0.3645567097144225,0.465034726463294,0.0103291975442341,0.0012694009958166,0.1405210350472793,0.1703130202991244,0.1478372659430841,0.1776738924033826,0.0615816014154242,0.0525218048670067,0.1917734389184694,0.2215654241703145,0.1990896698142742,0.22892629627457273,0.1072968698149237,0.163247190674833,0.0106294469328152,0.0416054186247524,0.6769446246559752,0.7487799575707959,0.1264654865616064,0.070515165701697,0.2231329094437149,0.1921569377517776,0.9107069810325052,0.9825423139473259,0.860597672191178,0.8438801179589202,0.918221777375198,0.8874035725647648,0.9869655199646652,1.1226810757455703,0.860597672191178,0.8438801179589202,0.918221777375198,0.8874035725647648,0.9869655199646652,1.1226810757455703,0.7277021239344104,0.7319857779079952,0.8302635464495864,0.876985407716324,1.2072883093360467,1.3050178529868595,0.7277021239344104,0.7319857779079952,0.8302635464495864,0.876985407716324,1.2072883093360467,1.3050178529868595,0.6983007408442022,0.6837071518323327,0.890248809153657,0.8305117177223162,1.1567897194231604,1.257267736172032,0.6983007408442022,0.6837071518323327,0.890248809153657,0.8305117177223162,1.1567897194231604,1.257267736172032,0.8672535318053695,0.858193735256952,0.9974453693084148,1.0272373545602598,1.0047616002042197,1.034598226664518,0.8672535318053695,0.858193735256952,0.9974453693084148,1.0272373545602598,1.0047616002042197,1.034598226664518,0.8166910504713809,0.7607407296114715,0.9133584733534894,0.8823825016615522,1.6009325449422798,1.6727678778571005,0.8166910504713809,0.7607407296114715,0.9133584733534894,0.8823825016615522,1.6009325449422798,1.6727678778571005
BERT-XXXX,0.724378882,0.684782609,0.681677019,0.663043478,0.439950235,1.149392884,0.971731147,-0.025742882,0.051631513,0.923565613,-0.006786268,0.024813989,1.097261258,0.000289203,-0.038106045,0.089106662468823,0.0137693477355466,0.0041719511192144,0.0555718594093621,0.104272509048311,0.22341329346642824,0.096462207434205,0.0211248927009286,0.0031835938461676,0.0629274043747442,0.1116280540136931,0.23076883843181029,0.4191829220355806,0.0510023815343552,0.1434385169537075,0.4523407657183763,0.5355609895810572,0.4655015704077362,0.4677812105746758,0.00240409299526,0.1920368054928027,0.5009390542574715,0.5841592781201524,0.5140998589468314,0.0754380034192621,0.0369297959694296,0.1372339320986417,0.2446291310049084,0.2842545579826099,0.3304839483441566,0.0644984428945659,0.0259902354447335,0.1262943715739456,0.2336895704802123,0.2733149974579137,0.3195443878194605,0.0548710718774789,0.0187708816211232,0.0861641744469888,0.1633458201373473,0.1210241114351327,0.22602156688929298,0.1061234757486691,0.0324815222500668,0.137416578318179,0.2145982240085374,0.1722765153063228,0.2772739707604831,0.7650858926947846,0.1861058649212854,0.2108080200108317,0.740905164113314,0.9223290537580286,0.8875526389026844,0.9988482490713146,0.0476564914552446,0.4445703763873618,0.974667520489844,1.1560914101345587,1.1213149952792145,0.8524492624503863,0.7771119477171099,0.7591706488623489,0.8189144593909254,0.8676151090298744,0.9867558934479915,0.8524492624503863,0.7771119477171099,0.7591706488623489,0.8189144593909254,0.8676151090298744,0.9867558934479915,1.1344478772413424,0.6642625736714066,0.8587034721594694,1.1676057209241382,1.250825944786819,1.180766525613498,1.1344478772413424,0.6642625736714066,0.8587034721594694,1.1676057209241382,1.250825944786819,1.180766525613498,0.8567314526033039,0.8182232451534714,0.9185273812826836,1.0259225801889502,1.0655480071666517,1.1117773975281984,0.8567314526033039,0.8182232451534714,0.9185273812826836,1.0259225801889502,1.0655480071666517,1.1117773975281984,0.9117954061386144,0.8381534526400121,0.9430885087081242,1.020270154398483,0.977948445696268,1.0829459011504283,0.9117954061386144,0.8381534526400121,0.9430885087081242,1.020270154398483,0.977948445696268,1.0829459011504283,1.6890738129810892,0.7378820553650192,1.1347959402971364,1.6648930843996186,1.8463169740443333,1.811540559188989,1.6890738129810892,0.7378820553650192,1.1347959402971364,1.6648930843996186,1.8463169740443333,1.811540559188989
BERT-XXX,0.773291925,0.744565217,0.758540373,0.727484472,2.941393398,1.133014374,0.584413344,0.003161122,0.01847639,0.766257638,0.020903584,0.088481969,0.876393499,0.0490413728476813,0.029824686,0.157608297397189,0.139129441140355,0.0195114744350926,0.1008917094103213,0.0433673511036831,0.0971690637288598,0.1649638423625711,0.1464849861057371,0.0268670194004746,0.1082472543757033,0.0507228960690652,0.10452460869424185,0.0268625785203343,0.0187667053915948,0.067120350956203,0.0960814852123618,0.0404602630184997,0.08092459087939896,0.0217357100187608,0.0298315831475003,0.0185220624171078,0.144679773751457,0.0890585515575949,0.12952287941849416,0.1418674582931649,0.172192384060414,0.1370034050640917,0.2201390241601972,0.1808438471195853,0.06786213868291846,0.1309278977684688,0.1612528235357179,0.1260638445393955,0.2091994636355011,0.1699042865948892,0.056922578158222326,0.0984295492269065,0.1014509392133988,0.0474417835117688,0.0762130186521995,0.0689419926679484,0.06273614070281919,0.1496819530980966,0.152703343084589,0.0986941873829589,0.1274654225233896,0.0176895887967583,0.11398854457400931,0.1187458233611511,0.0476612880966204,0.0972836924973055,0.1695000067785645,0.1241353441149726,0.05167613960656714,0.1150165330153789,0.1861010682799097,0.1364786638792245,0.4032623631550946,0.3578977004915027,0.28543849598309723,0.9209508973787524,0.9024720411219184,0.7828540744166559,0.8642343093918846,0.8067099510852465,0.8605116637104231,0.9209508973787524,0.9024720411219184,0.7828540744166559,0.8642343093918846,0.8067099510852465,0.8605116637104231,0.6884023766854275,0.696498249814167,0.6481446042495588,0.8113464404181236,0.7557252182242615,0.7961895460851608,0.6884023766854275,0.696498249814167,0.6481446042495588,0.8113464404181236,0.7557252182242615,0.7961895460851608,0.9231609074772068,0.9534858332444558,0.9182968542481336,1.001432473344239,0.9621372963036272,0.8491555878669602,0.9231609074772068,0.9534858332444558,0.9182968542481336,1.001432473344239,0.9621372963036272,0.8491555878669602,0.9553538834880418,0.9583752734745342,0.9043661177729042,0.9331373529133348,0.7879823415931869,0.9196604749639545,0.9553538834880418,0.9583752734745342,0.9043661177729042,0.9331373529133348,0.7879823415931869,0.9196604749639545,0.8052420969251535,0.8763266321896842,0.8267042277889991,1.0934879270648692,1.0481232644012772,0.9756640598928717,0.8052420969251535,0.8763266321896842,0.8267042277889991,1.0934879270648692,1.0481232644012772,0.9756640598928717
BERT-XX,0.795807453,0.74689441,0.75931677,0.703416149,0.435830571,0.723224262,0.651021582,-0.002662939,0.00742928,0.714521719,-0.007478869,-0.053923759,0.684780043,0.113964719,-0.005098887,0.0382818817423425,0.023927394748575,0.128875221785873,0.1132484418665228,0.0802291275306871,0.09023841647007214,0.0456374267077246,0.016571849783193,0.1362307667512551,0.1206039868319048,0.0875846724960691,0.09759396143545418,0.0267501510688535,0.0064601599928165,0.6175928861142524,0.6014626172468315,0.7360975547267637,0.554391922814843,0.0753484396079487,0.0421381285462786,0.6661911746533477,0.6500609057859267,0.784695843265859,0.6029902113539382,0.0268855610124791,0.0387343948126729,0.0980422803101885,0.1310074345040736,0.2238530639710889,0.12410085228434387,0.0378251215371753,0.049673955337369,0.0871027197854924,0.1200678739793774,0.2129135034463928,0.11316129175964773,0.0680536548037789,0.1205175341192351,0.1630154355425578,0.1512954990687803,0.1306004518584399,0.1172057959406434,0.119306058674969,0.1717699379904252,0.2142678394137479,0.2025479029399705,0.18185285572963,0.16845819981183352,0.012131598824785,0.1685672864566945,0.9024046007208062,0.855553742865675,1.253971253812845,0.8433882712493093,0.221630757551745,0.0651950699198355,1.1361669570973365,1.089316099242205,1.4877336101893748,1.0771506276258394,0.8016244817239059,0.7394152052329882,0.8922178217674364,0.8765910418480861,0.8435717275122504,0.8535810164516354,0.8016244817239059,0.7394152052329882,0.8922178217674364,0.8765910418480861,0.8435717275122504,0.8535810164516354,0.7420151062746154,0.7088047952129453,1.3328578413200145,1.3167275724525933,1.4513625099325256,1.2696568780206048,0.7420151062746154,0.7088047952129453,1.3328578413200145,1.3167275724525933,1.4513625099325256,1.2696568780206048,0.7544078881715626,0.7425590543713688,0.8793357294942303,0.9123008836881152,1.0051465131551307,0.9053943014683856,0.7544078881715626,0.7425590543713688,0.8793357294942303,0.9123008836881152,1.0051465131551307,0.9053943014683856,0.9249779890649142,0.9774418683803704,1.0199397698036932,1.0082198333299155,0.9875247861195752,0.9741301302017787,0.9249779890649142,0.9774418683803704,1.0199397698036932,1.0082198333299155,0.9875247861195752,0.9741301302017787,0.9118563214615196,0.7554206338296101,1.8263925210071108,1.7795416631519796,2.1779591740991493,1.7673761915356139,0.9118563214615196,0.7554206338296101,1.8263925210071108,1.7795416631519796,2.1779591740991493,1.7673761915356139
BERT-X,0.819099379,0.760093168,0.780279503,0.732142857,-0.37480001,0.663323592,0.693507819,0.0650106961585758,0.083088466,0.897746683,0.081927226,0.133603931,0.824037402,0.006428583,0.004205968,0.0972431699051883,0.1731149746531168,0.1864172068922218,0.1296989321899117,0.1281962598427105,0.3616361037184179,0.1045987148705703,0.1804705196184989,0.1937727518576039,0.1370544771552937,0.1355518048080926,0.36899164868379997,0.3294174901232843,0.1129481988733523,0.4468035030996847,0.4319366937019219,0.3984215900158242,0.5353854585594803,0.3780157786623795,0.1615464874124476,0.4954017916387799,0.4805349822410171,0.4470198785549194,0.5839837470985755,0.0536038270848412,0.0549938387065591,0.2381821528938095,0.2191414855906039,0.2071560470769922,0.27606477355857795,0.0645433876095373,0.044054278181863,0.2272425923691133,0.2082019250659078,0.196216486552296,0.2651252130338818,0.1631764256047619,0.1715554215518501,0.0465988190505892,0.184046346805789,0.0839132841410079,0.17687072154143235,0.2144288294759521,0.2228078254230402,0.0978512229217793,0.2352987506769791,0.135165688012198,0.22812312541262247,0.653665965434719,0.1173361810337958,1.04787739696789,0.6822227163037886,0.8234389783336413,0.7994282668854962,0.8874283218112491,0.3510985374103259,1.2816397533444202,0.9159850726803188,1.0572013347101714,1.0331906232620263,0.8605857698867516,0.9364575746346802,0.9497598068737853,0.893041532171475,0.8915388598242738,1.1249787036999812,0.8605857698867516,0.9364575746346802,0.9497598068737853,0.893041532171475,0.8915388598242738,1.1249787036999812,1.0446824453290462,0.8282131540791142,1.1620684583054466,1.1472016489076835,1.113686545221586,1.250650413765242,1.0446824453290462,0.8282131540791142,1.1620684583054466,1.1472016489076835,1.113686545221586,1.250650413765242,0.7276896220992005,0.8362872878906009,1.0194756020778513,1.0004349347746455,0.988449496261034,1.0573582227426197,0.7276896220992005,0.8362872878906009,1.0194756020778513,1.0004349347746455,0.988449496261034,1.0573582227426197,1.020100759865897,1.0284797558129857,0.9035231533117246,1.0409706810669244,0.9408376184021432,1.0337950558025677,1.020100759865897,1.0284797558129857,0.9035231533117246,1.0409706810669244,0.9408376184021432,1.0337950558025677,1.5776538857210236,1.0413241013201004,1.971865317254195,1.6062106365900932,1.747426898619946,1.7234161871718008,1.5776538857210236,1.0413241013201004,1.971865317254195,1.6062106365900932,1.747426898619946,1.7234161871718008
BERT-S,0.776397516,0.754658385,0.796583851,0.742236025,0.027558399,0.692341868,0.748076511,-0.076746662,-0.022185421,0.897520426,0.103346868,0.107608186,0.931023034,-0.011129784,-0.034525169,0.2000757000735633,0.0034905023964124,0.2479473192848793,0.2414319906476438,0.2941632133551923,0.4140267276880789,0.2074312450389454,0.0038650425689695,0.2553028642502614,0.2487875356130259,0.3015187583205744,0.42138227265346095,0.4459607629283241,0.0178196177216271,0.1025867453468224,0.3089398096934329,0.2568875478292322,0.1383964917418532,0.4945590514674193,0.0664179062607223,0.1511850338859176,0.3575380982325281,0.3054858363683274,0.1869947802809484,0.1061326568685839,0.3264780577297272,0.0244402720334688,0.2124242355968959,0.0436972745307219,0.1310050804334807,0.1170722173932801,0.3155384972050311,0.035379832558165,0.2014846750721998,0.0327577140060257,0.12006551990878456,0.1093483959666021,0.1411373564172193,0.0738544448605864,0.0223586789076813,0.0363441706367207,0.10497526934307544,0.1606007998377923,0.1923897602884094,0.1251068487317765,0.0736110827788715,0.0875965745079109,0.15622767321426556,0.8017503329635005,0.1287413778744882,0.2417770363376499,0.3391352042299147,0.2441910789104227,0.10075018291845106,1.0355126893400306,0.1050209785020418,0.47553939271418,0.5728975606064448,0.4779534352869528,0.13301217345807903,0.9634183000551266,0.7598520975851508,1.0112899192664426,1.0047745906292072,1.0575058133367556,1.1773693276696422,0.9634183000551266,0.7598520975851508,1.0112899192664426,1.0047745906292072,1.0575058133367556,1.1773693276696422,1.161225718134086,0.7330845729273889,0.8178517005525843,1.0242047648991948,0.972152503034994,0.853661446947615,1.161225718134086,0.7330845729273889,0.8178517005525843,1.0242047648991948,0.972152503034994,0.853661446947615,0.6751607923154578,1.107771506913769,0.7568531771505729,0.9937176847809376,0.8249907237147637,0.9122985296175224,0.6751607923154578,1.107771506913769,0.7568531771505729,0.9937176847809376,0.8249907237147637,0.9122985296175224,0.9662727302277376,0.9980616906783548,0.9307787791217218,0.8792830131688167,0.8932685048978561,0.9618996036042108,0.9662727302277376,0.9980616906783548,0.9307787791217218,0.8792830131688167,0.8932685048978561,0.9618996036042108,1.7257382532498051,0.7952465424118164,1.1657649566239543,1.263123124516219,1.1681789991967273,0.8232377373678536,1.7257382532498051,0.7952465424118164,1.1657649566239543,1.263123124516219,1.1681789991967273,0.8232377373678536
Multilingual BERT,0.648291925,0.621118012,0.701863354,0.592391304,0.484742555,0.809558,0.436552428,0.126780411,0.217253688,0.641971284,0.101966401,0.052097013,0.45012775,0.132300473,0.058002304,0.0189952510254438,0.0663993677539598,0.1200570303836658,0.0318206330742191,0.1681267123120128,0.3031520462620054,0.0116397060600618,0.0737549127193418,0.1274125753490479,0.0391761780396011,0.1754822572773948,0.31050759122738747,0.673150089650533,0.0948528729028808,0.5726448763275541,0.2885565147331858,0.4232692393132372,0.11707926570529836,0.7217483781896282,0.143451161441976,0.6212431648666493,0.337154803272281,0.4718675278523324,0.16567755424439357,0.0748736769050701,0.0264635754232807,0.0871329706100439,0.2104325087922521,0.1563774743202236,0.2938145325414072,0.0858132374297663,0.0155240148985845,0.0761934100853478,0.199492948267556,0.1454379137955275,0.2828749720167111,0.1720594599668353,0.0780017666812717,0.1259883286907601,0.0532754384284501,0.0892324171412046,0.04885270584940049,0.2233118638380254,0.1292541705524619,0.1772407325619502,0.1045278422996403,0.1404848210123948,0.10010510972059061,1.2028584544798522,0.0608796072406506,0.8109469211300635,0.5804606638994758,0.629897064561507,0.0909212493244278,1.4366208108563825,0.1728827491358794,1.0447092775065936,0.8142230202760059,0.863659420938037,0.3246836057009579,0.7443473489561194,0.8297419677355231,0.8833996303652292,0.7951632330557824,0.931469312293576,1.0664946462435687,0.7443473489561194,0.8297419677355231,0.8833996303652292,0.7951632330557824,0.931469312293576,1.0664946462435687,1.3884150448562949,0.8101178281086426,1.287909831533316,1.0038214699389476,1.138534194518999,0.8323442209110602,1.3884150448562949,0.8101178281086426,1.287909831533316,1.0038214699389476,1.138534194518999,0.8323442209110602,0.7064197722789716,0.8077570246073225,0.8684264197940857,0.991725957976294,0.9376709235042654,1.075107981725449,0.7064197722789716,0.8077570246073225,0.8684264197940857,0.991725957976294,0.9376709235042654,1.075107981725449,1.0289837942279707,0.9349261009424072,0.9829126629518956,0.9101997726895856,0.94615675140234,0.9057770401105358,1.0289837942279707,0.9349261009424072,0.9829126629518956,0.9101997726895856,0.94615675140234,0.9057770401105358,2.126846374766157,0.8631083130456539,1.734934841416368,1.5044485841857804,1.5538849848478116,1.0149091696107324,2.126846374766157,0.8631083130456539,1.734934841416368,1.5044485841857804,1.5538849848478116,1.0149091696107324
